Name,SMILES,MolecularWeight,LogP,HBD,HBA,TPSA
ethanol,CCO,46.069,-0.0014000000000000123,1,1,20.23
acetic_acid,CC(=O)O,60.05200000000001,0.09089999999999993,1,1,37.3
benzene,c1ccccc1,78.11399999999999,1.6866,0,0,0.0
triethylamine,CCN(CC)CC,101.193,1.3481,0,1,3.24
ethyl_acetate,CCOC(=O)C,88.106,0.5694,0,2,26.3
