,count,mean,std,min,25%,50%,75%,max
MolecularWeight,5.0,74.7068,21.951953869758377,46.069,60.05200000000001,78.11399999999999,88.106,101.193
LogP,5.0,0.73872,0.7526516637861104,-0.0014,0.0908999999999999,0.5694,1.3481,1.6866
HBD,5.0,0.4,0.5477225575051662,0.0,0.0,0.0,1.0,1.0
HBA,5.0,1.0,0.7071067811865476,0.0,1.0,1.0,1.0,2.0
TPSA,5.0,17.414,15.704247196220518,0.0,3.24,20.23,26.3,37.3
