,train_R2,test_R2,train_RMSE,test_RMSE
LinearRegression,1.0,-1.0635769304960063,1.545365047825326e-16,1.2319324742158846
