descriptor,coefficient
HBA,0.31724817247769765
MolecularWeight,0.15187550467287741
LogP,-0.07005248471376063
TPSA,0.05526279561056845
HBD,0.0007169319649329917
