Component,ExplainedVarianceRatio
PC1,0.6727539112298802
PC2,0.27989186819083023
