MolecularWeight,LogP,HBD,HBA,TPSA,target_activity
0.1322226514619665,0.9264077198444132,-0.7071067811865475,-1.414213562373095,-0.8818009535561804,
-1.2854914460504328,-1.388582999766793,1.4142135623730951,0.7071067811865476,1.3984078181236061,
1.1532687945884663,0.46217527992237933,-0.7071067811865475,0.7071067811865476,-0.5166068645674257,
