MolecularWeight,LogP,HBD,HBA,TPSA,target_activity
-0.666864632958971,-1.2619990877880523,1.4142135623730951,0.7071067811865476,3.3224396388143598,
0.5742822321249063,-0.6057650478982641,-0.7071067811865475,2.8284271247461903,2.0825831638525387,
